{
  "per_class": {
    "airplane": {
      "count": 500,
      "nmse_mean": 2.8744676877260207,
      "nmse_std": 1.7512218382602804,
      "psnr_mean": 3.736809250831604,
      "psnr_std": 2.1701123588201643,
      "ssim_mean": 0.2677839328852169,
      "ssim_std": 0.27328162880481516
    },
    "automobile": {
      "count": 500,
      "nmse_mean": 2.1171393257379534,
      "nmse_std": 0.8784813629357802,
      "psnr_mean": 3.9374342684745787,
      "psnr_std": 1.7011934650760592,
      "ssim_mean": 0.24432255230841837,
      "ssim_std": 0.2860609266470235
    },
    "bird": {
      "count": 500,
      "nmse_mean": 3.062966312944889,
      "nmse_std": 2.104231413236469,
      "psnr_mean": 4.534697455883026,
      "psnr_std": 2.4910829898841387,
      "ssim_mean": 0.2668813652390127,
      "ssim_std": 0.26568101900125657
    },
    "cat": {
      "count": 500,
      "nmse_mean": 3.0102397646903993,
      "nmse_std": 1.7367379265532454,
      "psnr_mean": 3.3195620608329772,
      "psnr_std": 1.911028371863643,
      "ssim_mean": 0.23829899388372724,
      "ssim_std": 0.2535993885714029
    },
    "deer": {
      "count": 500,
      "nmse_mean": 2.607711720764637,
      "nmse_std": 1.7516777982151788,
      "psnr_mean": 5.644822159290314,
      "psnr_std": 2.1077298888529974,
      "ssim_mean": 0.3241081714728498,
      "ssim_std": 0.28533579116804536
    },
    "dog": {
      "count": 500,
      "nmse_mean": 2.815505913615227,
      "nmse_std": 1.3623880138417515,
      "psnr_mean": 3.7149691996574403,
      "psnr_std": 1.6512514306664183,
      "ssim_mean": 0.1895752015511098,
      "ssim_std": 0.2192020410399445
    },
    "frog": {
      "count": 500,
      "nmse_mean": 2.2352989835739137,
      "nmse_std": 1.2451677759433666,
      "psnr_mean": 5.292522099494934,
      "psnr_std": 1.981198171148023,
      "ssim_mean": 0.3394868402000284,
      "ssim_std": 0.2806339079452957
    },
    "horse": {
      "count": 500,
      "nmse_mean": 2.837233414530754,
      "nmse_std": 1.1719040273160435,
      "psnr_mean": 3.4138126454353332,
      "psnr_std": 1.7857410943671725,
      "ssim_mean": 0.18460249801611645,
      "ssim_std": 0.24632239445354825
    },
    "ship": {
      "count": 500,
      "nmse_mean": 2.2240438656806947,
      "nmse_std": 1.3020316832547774,
      "psnr_mean": 4.92229668712616,
      "psnr_std": 2.106247456033717,
      "ssim_mean": 0.2168406467541936,
      "ssim_std": 0.31030673705367706
    },
    "truck": {
      "count": 500,
      "nmse_mean": 2.191917463183403,
      "nmse_std": 0.8842153286794242,
      "psnr_mean": 3.686917599201202,
      "psnr_std": 1.5469956428239056,
      "ssim_mean": 0.13698088245863801,
      "ssim_std": 0.2666132069066005
    }
  },
  "overall": {
    "total_samples": 5000,
    "nmse_mean": 2.597652445244789,
    "nmse_std": 1.5113797228770254,
    "psnr_mean": 4.220384342622757,
    "psnr_std": 2.11328110555517,
    "ssim_mean": 0.24088810847693112,
    "ssim_std": 0.2762105517492731,
    "processing_time_seconds": 204.9243836402893,
    "time_per_image_seconds": 0.04098487672805786
  }
}