{
  "per_class": {
    "airplane": {
      "count": 500,
      "nmse_mean": 1.9481097390651703,
      "nmse_std": 1.3204036487642934,
      "psnr_mean": 5.678211496829986,
      "psnr_std": 2.0340715348847627,
      "ssim_mean": 0.41338074392463475,
      "ssim_std": 0.3133176082993654
    },
    "automobile": {
      "count": 500,
      "nmse_mean": 1.5665265530496835,
      "nmse_std": 0.7997754150573311,
      "psnr_mean": 5.507387303352356,
      "psnr_std": 1.6317402687408165,
      "ssim_mean": 0.4124655649849738,
      "ssim_std": 0.32503642864767096
    },
    "bird": {
      "count": 500,
      "nmse_mean": 2.0238798335790635,
      "nmse_std": 1.4568142407737437,
      "psnr_mean": 6.476242845535278,
      "psnr_std": 2.295305711881851,
      "ssim_mean": 0.40335390229028417,
      "ssim_std": 0.3097518355744502
    },
    "cat": {
      "count": 500,
      "nmse_mean": 2.0574888843894006,
      "nmse_std": 1.3250568990921567,
      "psnr_mean": 5.2172656307220455,
      "psnr_std": 1.7359078549165308,
      "ssim_mean": 0.34182489521626847,
      "ssim_std": 0.32175674368861923
    },
    "deer": {
      "count": 500,
      "nmse_mean": 1.828482413187623,
      "nmse_std": 1.2939815109682096,
      "psnr_mean": 7.09948265838623,
      "psnr_std": 2.0726983130436523,
      "ssim_mean": 0.3875795351018314,
      "ssim_std": 0.30984347497649556
    },
    "dog": {
      "count": 500,
      "nmse_mean": 1.9573448712229728,
      "nmse_std": 1.1514973068506738,
      "psnr_mean": 5.486721256732941,
      "psnr_std": 1.7270192338498696,
      "ssim_mean": 0.3197924096218776,
      "ssim_std": 0.33224525984984193
    },
    "frog": {
      "count": 500,
      "nmse_mean": 1.6760213360488414,
      "nmse_std": 1.0047121193222457,
      "psnr_mean": 6.796512137413025,
      "psnr_std": 1.8530229348685519,
      "ssim_mean": 0.430636103106197,
      "ssim_std": 0.3123355919708344
    },
    "horse": {
      "count": 500,
      "nmse_mean": 1.9326424885988236,
      "nmse_std": 0.9423887816022604,
      "psnr_mean": 5.3094747767448425,
      "psnr_std": 1.7287100925126229,
      "ssim_mean": 0.32667033578839616,
      "ssim_std": 0.33562530283079584
    },
    "ship": {
      "count": 500,
      "nmse_mean": 1.5812316680550575,
      "nmse_std": 0.998432594693073,
      "psnr_mean": 6.674621689796448,
      "psnr_std": 2.142581499461558,
      "ssim_mean": 0.3729573795729375,
      "ssim_std": 0.3677872740768813
    },
    "truck": {
      "count": 500,
      "nmse_mean": 1.6157038843035698,
      "nmse_std": 0.814908266501412,
      "psnr_mean": 5.338111472129822,
      "psnr_std": 1.5716309730582378,
      "ssim_mean": 0.3422625742816308,
      "ssim_std": 0.332985418913867
    }
  },
  "overall": {
    "total_samples": 5000,
    "nmse_mean": 1.8187431671500205,
    "nmse_std": 1.1467224789835848,
    "psnr_mean": 5.958403126764297,
    "psnr_std": 2.012175205285974,
    "ssim_mean": 0.37509234438890315,
    "ssim_std": 0.3287125026180846,
    "processing_time_seconds": 211.38854336738586,
    "time_per_image_seconds": 0.042277708673477174
  }
}