{
  "per_class": {
    "airplane": {
      "count": 500,
      "nmse_mean": 2.4887752569913864,
      "nmse_std": 1.5256901534947906,
      "psnr_mean": 4.4253747901916505,
      "psnr_std": 1.5409237949436074,
      "ssim_mean": 0.21997554895826033,
      "ssim_std": 0.2600866418555748
    },
    "automobile": {
      "count": 500,
      "nmse_mean": 2.046938306927681,
      "nmse_std": 0.8727120067870442,
      "psnr_mean": 4.6174680547714235,
      "psnr_std": 1.317345221723218,
      "ssim_mean": 0.27071760412922596,
      "ssim_std": 0.29163224450448777
    },
    "bird": {
      "count": 500,
      "nmse_mean": 2.4812044080495834,
      "nmse_std": 1.3989558729792757,
      "psnr_mean": 5.33897910785675,
      "psnr_std": 1.845825305575677,
      "ssim_mean": 0.28469479975872675,
      "ssim_std": 0.2921098712737862
    },
    "cat": {
      "count": 500,
      "nmse_mean": 2.7294325600266456,
      "nmse_std": 1.8286130051538092,
      "psnr_mean": 4.668289012432099,
      "psnr_std": 1.7552011305319406,
      "ssim_mean": 0.2758015444423072,
      "ssim_std": 0.2975832259897871
    },
    "deer": {
      "count": 500,
      "nmse_mean": 2.455678738415241,
      "nmse_std": 1.5128535414117599,
      "psnr_mean": 5.85193900680542,
      "psnr_std": 1.82897033008601,
      "ssim_mean": 0.3373483191291161,
      "ssim_std": 0.28747121974509504
    },
    "dog": {
      "count": 500,
      "nmse_mean": 2.2647080113887785,
      "nmse_std": 1.1309959065303166,
      "psnr_mean": 4.585964360713959,
      "psnr_std": 1.687317930947834,
      "ssim_mean": 0.2722131309143679,
      "ssim_std": 0.29275888730185945
    },
    "frog": {
      "count": 500,
      "nmse_mean": 2.1910174343585966,
      "nmse_std": 1.2597293476544618,
      "psnr_mean": 6.212362347126007,
      "psnr_std": 1.5797310688957524,
      "ssim_mean": 0.34676337172969945,
      "ssim_std": 0.30919807467530386
    },
    "horse": {
      "count": 500,
      "nmse_mean": 2.4785586718916894,
      "nmse_std": 1.3299015999355581,
      "psnr_mean": 4.31656139421463,
      "psnr_std": 1.650512689504793,
      "ssim_mean": 0.3134660572970461,
      "ssim_std": 0.281820880803699
    },
    "ship": {
      "count": 500,
      "nmse_mean": 2.316815392076969,
      "nmse_std": 1.43292754150276,
      "psnr_mean": 5.119507308959961,
      "psnr_std": 1.8488588749401307,
      "ssim_mean": 0.26358330419356935,
      "ssim_std": 0.30878525912119814
    },
    "truck": {
      "count": 500,
      "nmse_mean": 2.296000968337059,
      "nmse_std": 1.0637866562022713,
      "psnr_mean": 4.34417272567749,
      "psnr_std": 1.391676297270903,
      "ssim_mean": 0.3011045720629627,
      "ssim_std": 0.2789657491371174
    }
  },
  "overall": {
    "total_samples": 5000,
    "nmse_mean": 2.374912974846363,
    "nmse_std": 1.3721866379846082,
    "psnr_mean": 4.948061810874939,
    "psnr_std": 1.769678536255379,
    "ssim_mean": 0.28856682526152816,
    "ssim_std": 0.29253360389290445,
    "processing_time_seconds": 206.35223650932312,
    "time_per_image_seconds": 0.041270447301864625
  }
}