{
  "per_class": {
    "airplane": {
      "count": 500,
      "nmse_mean": 2.6839949737787245,
      "nmse_std": 1.7582239284780052,
      "psnr_mean": 4.362272291660309,
      "psnr_std": 1.9340490122470322,
      "ssim_mean": 0.253106837465617,
      "ssim_std": 0.28171709560261204
    },
    "automobile": {
      "count": 500,
      "nmse_mean": 2.1091114590764044,
      "nmse_std": 1.1334667590179728,
      "psnr_mean": 4.599421189785003,
      "psnr_std": 1.6055285577168554,
      "ssim_mean": 0.3234438406478148,
      "ssim_std": 0.31426702193735934
    },
    "bird": {
      "count": 500,
      "nmse_mean": 2.678434145480394,
      "nmse_std": 2.024173415971253,
      "psnr_mean": 5.388029712677002,
      "psnr_std": 1.881253067245483,
      "ssim_mean": 0.31422958170651694,
      "ssim_std": 0.2976887023999397
    },
    "cat": {
      "count": 500,
      "nmse_mean": 2.9100032596290113,
      "nmse_std": 3.03376782263881,
      "psnr_mean": 4.537917679309845,
      "psnr_std": 1.817775661615465,
      "ssim_mean": 0.29402876646824005,
      "ssim_std": 0.2945181089981914
    },
    "deer": {
      "count": 500,
      "nmse_mean": 2.6778151537775994,
      "nmse_std": 2.104252700444377,
      "psnr_mean": 5.95313476228714,
      "psnr_std": 1.9390620778516467,
      "ssim_mean": 0.3541481787401135,
      "ssim_std": 0.29521059689328183
    },
    "dog": {
      "count": 500,
      "nmse_mean": 2.460602260917425,
      "nmse_std": 1.5677829720515584,
      "psnr_mean": 4.748019135475158,
      "psnr_std": 1.8062321291770378,
      "ssim_mean": 0.2773366885016876,
      "ssim_std": 0.3000417462156515
    },
    "frog": {
      "count": 500,
      "nmse_mean": 2.2187443577945234,
      "nmse_std": 1.589581480024578,
      "psnr_mean": 6.140904902458191,
      "psnr_std": 1.7601585428305038,
      "ssim_mean": 0.3822995629455836,
      "ssim_std": 0.31306639847049117
    },
    "horse": {
      "count": 500,
      "nmse_mean": 2.4969002127051354,
      "nmse_std": 1.481300110719831,
      "psnr_mean": 4.590416618347168,
      "psnr_std": 2.0356807469917992,
      "ssim_mean": 0.29597396182021474,
      "ssim_std": 0.2957212650872185
    },
    "ship": {
      "count": 500,
      "nmse_mean": 2.4352244830280543,
      "nmse_std": 2.5266073275999292,
      "psnr_mean": 5.453593867778778,
      "psnr_std": 2.117999924894602,
      "ssim_mean": 0.3387420590352267,
      "ssim_std": 0.32611603385726434
    },
    "truck": {
      "count": 500,
      "nmse_mean": 2.1479965173602102,
      "nmse_std": 1.18720899160748,
      "psnr_mean": 4.513770289421082,
      "psnr_std": 1.580275097044829,
      "ssim_mean": 0.3488334042288625,
      "ssim_std": 0.30832190227614403
    }
  },
  "overall": {
    "total_samples": 5000,
    "nmse_mean": 2.4818826823547484,
    "nmse_std": 1.9416711763386538,
    "psnr_mean": 5.0287480449199675,
    "psnr_std": 1.954891420110257,
    "ssim_mean": 0.31821428815598773,
    "ssim_std": 0.3051766129763304,
    "processing_time_seconds": 207.44269037246704,
    "time_per_image_seconds": 0.04148853807449341
  }
}