{
  "mask_types": [
    "center",
    "random_bbox",
    "irregular",
    "half"
  ],
  "results": {
    "center": {
      "per_class": {
        "airplane": {
          "count": 500,
          "nmse_mean": 2.4887752569913864,
          "nmse_std": 1.5256901534947906,
          "psnr_mean": 4.4253747901916505,
          "psnr_std": 1.5409237949436074,
          "ssim_mean": 0.21997554895826033,
          "ssim_std": 0.2600866418555748
        },
        "automobile": {
          "count": 500,
          "nmse_mean": 2.046938306927681,
          "nmse_std": 0.8727120067870442,
          "psnr_mean": 4.6174680547714235,
          "psnr_std": 1.317345221723218,
          "ssim_mean": 0.27071760412922596,
          "ssim_std": 0.29163224450448777
        },
        "bird": {
          "count": 500,
          "nmse_mean": 2.4812044080495834,
          "nmse_std": 1.3989558729792757,
          "psnr_mean": 5.33897910785675,
          "psnr_std": 1.845825305575677,
          "ssim_mean": 0.28469479975872675,
          "ssim_std": 0.2921098712737862
        },
        "cat": {
          "count": 500,
          "nmse_mean": 2.7294325600266456,
          "nmse_std": 1.8286130051538092,
          "psnr_mean": 4.668289012432099,
          "psnr_std": 1.7552011305319406,
          "ssim_mean": 0.2758015444423072,
          "ssim_std": 0.2975832259897871
        },
        "deer": {
          "count": 500,
          "nmse_mean": 2.455678738415241,
          "nmse_std": 1.5128535414117599,
          "psnr_mean": 5.85193900680542,
          "psnr_std": 1.82897033008601,
          "ssim_mean": 0.3373483191291161,
          "ssim_std": 0.28747121974509504
        },
        "dog": {
          "count": 500,
          "nmse_mean": 2.2647080113887785,
          "nmse_std": 1.1309959065303166,
          "psnr_mean": 4.585964360713959,
          "psnr_std": 1.687317930947834,
          "ssim_mean": 0.2722131309143679,
          "ssim_std": 0.29275888730185945
        },
        "frog": {
          "count": 500,
          "nmse_mean": 2.1910174343585966,
          "nmse_std": 1.2597293476544618,
          "psnr_mean": 6.212362347126007,
          "psnr_std": 1.5797310688957524,
          "ssim_mean": 0.34676337172969945,
          "ssim_std": 0.30919807467530386
        },
        "horse": {
          "count": 500,
          "nmse_mean": 2.4785586718916894,
          "nmse_std": 1.3299015999355581,
          "psnr_mean": 4.31656139421463,
          "psnr_std": 1.650512689504793,
          "ssim_mean": 0.3134660572970461,
          "ssim_std": 0.281820880803699
        },
        "ship": {
          "count": 500,
          "nmse_mean": 2.316815392076969,
          "nmse_std": 1.43292754150276,
          "psnr_mean": 5.119507308959961,
          "psnr_std": 1.8488588749401307,
          "ssim_mean": 0.26358330419356935,
          "ssim_std": 0.30878525912119814
        },
        "truck": {
          "count": 500,
          "nmse_mean": 2.296000968337059,
          "nmse_std": 1.0637866562022713,
          "psnr_mean": 4.34417272567749,
          "psnr_std": 1.391676297270903,
          "ssim_mean": 0.3011045720629627,
          "ssim_std": 0.2789657491371174
        }
      },
      "overall": {
        "total_samples": 5000,
        "nmse_mean": 2.374912974846363,
        "nmse_std": 1.3721866379846082,
        "psnr_mean": 4.948061810874939,
        "psnr_std": 1.769678536255379,
        "ssim_mean": 0.28856682526152816,
        "ssim_std": 0.29253360389290445,
        "processing_time_seconds": 206.35223650932312,
        "time_per_image_seconds": 0.041270447301864625
      }
    },
    "random_bbox": {
      "per_class": {
        "airplane": {
          "count": 500,
          "nmse_mean": 2.6839949737787245,
          "nmse_std": 1.7582239284780052,
          "psnr_mean": 4.362272291660309,
          "psnr_std": 1.9340490122470322,
          "ssim_mean": 0.253106837465617,
          "ssim_std": 0.28171709560261204
        },
        "automobile": {
          "count": 500,
          "nmse_mean": 2.1091114590764044,
          "nmse_std": 1.1334667590179728,
          "psnr_mean": 4.599421189785003,
          "psnr_std": 1.6055285577168554,
          "ssim_mean": 0.3234438406478148,
          "ssim_std": 0.31426702193735934
        },
        "bird": {
          "count": 500,
          "nmse_mean": 2.678434145480394,
          "nmse_std": 2.024173415971253,
          "psnr_mean": 5.388029712677002,
          "psnr_std": 1.881253067245483,
          "ssim_mean": 0.31422958170651694,
          "ssim_std": 0.2976887023999397
        },
        "cat": {
          "count": 500,
          "nmse_mean": 2.9100032596290113,
          "nmse_std": 3.03376782263881,
          "psnr_mean": 4.537917679309845,
          "psnr_std": 1.817775661615465,
          "ssim_mean": 0.29402876646824005,
          "ssim_std": 0.2945181089981914
        },
        "deer": {
          "count": 500,
          "nmse_mean": 2.6778151537775994,
          "nmse_std": 2.104252700444377,
          "psnr_mean": 5.95313476228714,
          "psnr_std": 1.9390620778516467,
          "ssim_mean": 0.3541481787401135,
          "ssim_std": 0.29521059689328183
        },
        "dog": {
          "count": 500,
          "nmse_mean": 2.460602260917425,
          "nmse_std": 1.5677829720515584,
          "psnr_mean": 4.748019135475158,
          "psnr_std": 1.8062321291770378,
          "ssim_mean": 0.2773366885016876,
          "ssim_std": 0.3000417462156515
        },
        "frog": {
          "count": 500,
          "nmse_mean": 2.2187443577945234,
          "nmse_std": 1.589581480024578,
          "psnr_mean": 6.140904902458191,
          "psnr_std": 1.7601585428305038,
          "ssim_mean": 0.3822995629455836,
          "ssim_std": 0.31306639847049117
        },
        "horse": {
          "count": 500,
          "nmse_mean": 2.4969002127051354,
          "nmse_std": 1.481300110719831,
          "psnr_mean": 4.590416618347168,
          "psnr_std": 2.0356807469917992,
          "ssim_mean": 0.29597396182021474,
          "ssim_std": 0.2957212650872185
        },
        "ship": {
          "count": 500,
          "nmse_mean": 2.4352244830280543,
          "nmse_std": 2.5266073275999292,
          "psnr_mean": 5.453593867778778,
          "psnr_std": 2.117999924894602,
          "ssim_mean": 0.3387420590352267,
          "ssim_std": 0.32611603385726434
        },
        "truck": {
          "count": 500,
          "nmse_mean": 2.1479965173602102,
          "nmse_std": 1.18720899160748,
          "psnr_mean": 4.513770289421082,
          "psnr_std": 1.580275097044829,
          "ssim_mean": 0.3488334042288625,
          "ssim_std": 0.30832190227614403
        }
      },
      "overall": {
        "total_samples": 5000,
        "nmse_mean": 2.4818826823547484,
        "nmse_std": 1.9416711763386538,
        "psnr_mean": 5.0287480449199675,
        "psnr_std": 1.954891420110257,
        "ssim_mean": 0.31821428815598773,
        "ssim_std": 0.3051766129763304,
        "processing_time_seconds": 207.44269037246704,
        "time_per_image_seconds": 0.04148853807449341
      }
    },
    "irregular": {
      "per_class": {
        "airplane": {
          "count": 500,
          "nmse_mean": 1.9481097390651703,
          "nmse_std": 1.3204036487642934,
          "psnr_mean": 5.678211496829986,
          "psnr_std": 2.0340715348847627,
          "ssim_mean": 0.41338074392463475,
          "ssim_std": 0.3133176082993654
        },
        "automobile": {
          "count": 500,
          "nmse_mean": 1.5665265530496835,
          "nmse_std": 0.7997754150573311,
          "psnr_mean": 5.507387303352356,
          "psnr_std": 1.6317402687408165,
          "ssim_mean": 0.4124655649849738,
          "ssim_std": 0.32503642864767096
        },
        "bird": {
          "count": 500,
          "nmse_mean": 2.0238798335790635,
          "nmse_std": 1.4568142407737437,
          "psnr_mean": 6.476242845535278,