{
  "per_class": {
    "airplane": {
      "count": 10,
      "nmse_mean": 2.292846477031708,
      "nmse_std": 1.345056242600253,
      "psnr_mean": 5.0417732238769535,
      "psnr_std": 1.9742237140606125,
      "ssim_mean": 0.19365676920861005,
      "ssim_std": 0.21355418981765673
    },
    "automobile": {
      "count": 10,
      "nmse_mean": 2.0051790714263915,
      "nmse_std": 0.7518447354312734,
      "psnr_mean": 4.344078445434571,
      "psnr_std": 1.7522870870309961,
      "ssim_mean": 0.39143321812152865,
      "ssim_std": 0.18081745528171028
    },
    "bird": {
      "count": 10,
      "nmse_mean": 2.310240089893341,
      "nmse_std": 0.781112098416403,
      "psnr_mean": 4.933117461204529,
      "psnr_std": 2.053238187808836,
      "ssim_mean": 0.30470439307391645,
      "ssim_std": 0.21485118260953676
    },
    "cat": {
      "count": 10,
      "nmse_mean": 2.5956462979316712,
      "nmse_std": 1.0301215473014746,
      "psnr_mean": 4.607342338562011,
      "psnr_std": 1.165841873611821,
      "ssim_mean": 0.2799781810492277,
      "ssim_std": 0.20075926907215166
    },
    "deer": {
      "count": 10,
      "nmse_mean": 2.686379373073578,
      "nmse_std": 1.8470023238374844,
      "psnr_mean": 5.738306140899658,
      "psnr_std": 1.8389624746150781,
      "ssim_mean": 0.4063970698975027,
      "ssim_std": 0.2801144194849682
    },
    "dog": {
      "count": 10,
      "nmse_mean": 2.412615829706192,
      "nmse_std": 2.079509249298188,
      "psnr_mean": 4.9914796352386475,
      "psnr_std": 2.0157451847695964,
      "ssim_mean": 0.31228544786572454,
      "ssim_std": 0.26742005959001197
    },
    "frog": {
      "count": 10,
      "nmse_mean": 1.8275982946157456,
      "nmse_std": 1.2925208438892377,
      "psnr_mean": 6.624221658706665,
      "psnr_std": 1.7735706008791436,
      "ssim_mean": 0.4645631091669202,
      "ssim_std": 0.3281557054501283
    },
    "horse": {
      "count": 10,
      "nmse_mean": 2.5621810436248778,
      "nmse_std": 0.9154581084149334,
      "psnr_mean": 3.989948797225952,
      "psnr_std": 1.1748154449908814,
      "ssim_mean": 0.23194553735665976,
      "ssim_std": 0.22642366196939573
    },
    "ship": {
      "count": 10,
      "nmse_mean": 2.9209967076778414,
      "nmse_std": 2.1341205125301497,
      "psnr_mean": 5.015257382392884,
      "psnr_std": 1.8696908640155077,
      "ssim_mean": 0.00781344436109066,
      "ssim_std": 0.2579601947634812
    },
    "truck": {
      "count": 10,
      "nmse_mean": 2.448220121860504,
      "nmse_std": 0.8201009352407719,
      "psnr_mean": 4.445858669281006,
      "psnr_std": 0.6657027081601946,
      "ssim_mean": 0.29679810255765915,
      "ssim_std": 0.2726864859464467
    }
  },
  "overall": {
    "total_samples": 100,
    "nmse_mean": 2.406190330684185,
    "nmse_std": 1.4296998711826907,
    "psnr_mean": 4.9731383752822875,
    "psnr_std": 1.8315810825042413,
    "ssim_mean": 0.288957527265884,
    "ssim_std": 0.2760503483356998,
    "processing_time_seconds": 10.658194065093994,
    "time_per_image_seconds": 0.10658194065093994
  }
}