{
  "per_class": {
    "airplane": {
      "count": 500,
      "nmse_mean": 0.8764920669198036,
      "nmse_std": 0.5400893680505406,
      "psnr_mean": 9.086327331542968,
      "psnr_std": 2.9334181150676115,
      "ssim_mean": 0.47202987056481654,
      "ssim_std": 0.37150863119721683
    },
    "automobile": {
      "count": 500,
      "nmse_mean": 1.1761705642342568,
      "nmse_std": 0.5511992812082515,
      "psnr_mean": 6.581408787727356,
      "psnr_std": 1.6865043369681234,
      "ssim_mean": 0.38167072203556746,
      "ssim_std": 0.3303405047769188
    },
    "bird": {
      "count": 500,
      "nmse_mean": 1.0529896971657873,
      "nmse_std": 0.7040484624485883,
      "psnr_mean": 9.328807884216308,
      "psnr_std": 3.2615607390942887,
      "ssim_mean": 0.42862048852645146,
      "ssim_std": 0.3573021819962898
    },
    "cat": {
      "count": 500,
      "nmse_mean": 1.566918555110693,
      "nmse_std": 1.0689552451074003,
      "psnr_mean": 6.372238927841186,
      "psnr_std": 2.556133973388296,
      "ssim_mean": 0.3345954946181155,
      "ssim_std": 0.30626052255965686
    },
    "deer": {
      "count": 500,
      "nmse_mean": 1.111644947990775,
      "nmse_std": 0.7204518135675331,
      "psnr_mean": 9.411035779953004,
      "psnr_std": 2.7483355136873873,
      "ssim_mean": 0.4200920386968646,
      "ssim_std": 0.3431124889229918
    },
    "dog": {
      "count": 500,
      "nmse_mean": 1.5817477539777756,
      "nmse_std": 0.8010737498478134,
      "psnr_mean": 6.277732494831085,
      "psnr_std": 2.1886733527648303,
      "ssim_mean": 0.25560580878262407,
      "ssim_std": 0.28458154818873294
    },
    "frog": {
      "count": 500,
      "nmse_mean": 1.044105388522148,
      "nmse_std": 0.6421980917106284,
      "psnr_mean": 8.78043373298645,
      "psnr_std": 2.2691363495732793,
      "ssim_mean": 0.512148416326876,
      "ssim_std": 0.34315714761772514
    },
    "horse": {
      "count": 500,
      "nmse_mean": 1.2324201231598855,
      "nmse_std": 0.5230223773510131,
      "psnr_mean": 7.0716568722724915,
      "psnr_std": 2.3065964653264492,
      "ssim_mean": 0.2571185218332757,
      "ssim_std": 0.3182820510035118
    },
    "ship": {
      "count": 500,
      "nmse_mean": 0.849164983868599,
      "nmse_std": 0.5480276453552269,
      "psnr_mean": 9.361443564414978,
      "psnr_std": 2.77200627200721,
      "ssim_mean": 0.3719814858379832,
      "ssim_std": 0.40105745799166215
    },
    "truck": {
      "count": 500,
      "nmse_mean": 1.2647436571717263,
      "nmse_std": 0.6049076907268718,
      "psnr_mean": 6.213027019500732,
      "psnr_std": 2.002215700452048,
      "ssim_mean": 0.25215154040028576,
      "ssim_std": 0.3178192448974313
    }
  },
  "overall": {
    "total_samples": 5000,
    "nmse_mean": 1.175639773812145,
    "nmse_std": 0.7285984138190817,
    "psnr_mean": 7.848411239528656,
    "psnr_std": 2.8632099103483224,
    "ssim_mean": 0.368601438762286,
    "ssim_std": 0.3501264866162709,
    "processing_time_seconds": 206.9939787387848,
    "time_per_image_seconds": 0.041398795747756956
  }
}