{
  "mask_types": [
    "center",
    "random_bbox",
    "irregular",
    "half"
  ],
  "results": {
    "center": {
      "per_class": {
        "airplane": {
          "count": 500,
          "nmse_mean": 1.00643492436409,
          "nmse_std": 0.5309122946598612,
          "psnr_mean": 8.435378374576569,
          "psnr_std": 2.6963403670252486,
          "ssim_mean": 0.3912247878285125,
          "ssim_std": 0.3689019092106469
        },
        "automobile": {
          "count": 500,
          "nmse_mean": 1.04974158975482,
          "nmse_std": 0.4634025664587168,
          "psnr_mean": 7.599051349639892,
          "psnr_std": 1.8679852485586868,
          "ssim_mean": 0.37077448668394936,
          "ssim_std": 0.3628993629000938
        },
        "bird": {
          "count": 500,
          "nmse_mean": 1.1486146406680346,
          "nmse_std": 0.7428558786983758,
          "psnr_mean": 8.868875879764557,
          "psnr_std": 2.727071963766614,
          "ssim_mean": 0.4054619616880373,
          "ssim_std": 0.37096367454845613
        },
        "cat": {
          "count": 500,
          "nmse_mean": 1.1580189905390144,
          "nmse_std": 0.8076000925165939,
          "psnr_mean": 8.523709114551544,
          "psnr_std": 2.657059380043589,
          "ssim_mean": 0.3978766492055438,
          "ssim_std": 0.3647329665722547
        },
        "deer": {
          "count": 500,
          "nmse_mean": 1.002848931171,
          "nmse_std": 0.6507530501307831,
          "psnr_mean": 9.95655152606964,
          "psnr_std": 2.6701911471242354,
          "ssim_mean": 0.5035929815506097,
          "ssim_std": 0.34368925790688865
        },
        "dog": {
          "count": 500,
          "nmse_mean": 1.2256740457713604,
          "nmse_std": 0.6771579344875093,
          "psnr_mean": 7.440065406322479,
          "psnr_std": 2.5634861029333225,
          "ssim_mean": 0.388216563833761,
          "ssim_std": 0.349733532446879
        },
        "frog": {
          "count": 500,
          "nmse_mean": 1.0321577459648252,
          "nmse_std": 0.5273955185953823,
          "psnr_mean": 9.4503880443573,
          "psnr_std": 2.0138086259077923,
          "ssim_mean": 0.4356657357239164,
          "ssim_std": 0.3585726753360447
        },
        "horse": {
          "count": 500,
          "nmse_mean": 1.074861375540495,
          "nmse_std": 0.5228672398003117,
          "psnr_mean": 7.939452231407166,
          "psnr_std": 2.4614199134512362,
          "ssim_mean": 0.40757132311689204,
          "ssim_std": 0.34693129527757205
        },
        "ship": {
          "count": 500,
          "nmse_mean": 0.814062113776803,
          "nmse_std": 0.5421674070062709,
          "psnr_mean": 9.90921467590332,
          "psnr_std": 2.7739444732201917,
          "ssim_mean": 0.46182936685928144,
          "ssim_std": 0.3970803243280094
        },
        "truck": {
          "count": 500,
          "nmse_mean": 1.119665548235178,
          "nmse_std": 0.5462546653700066,
          "psnr_mean": 7.5709946346282955,
          "psnr_std": 2.032593531383651,
          "ssim_mean": 0.42032905978895724,
          "ssim_std": 0.3347454643019744
        }
      },
      "overall": {
        "total_samples": 5000,
        "nmse_mean": 1.063207990578562,
        "nmse_std": 0.6198909770567564,
        "psnr_mean": 8.569368123722077,
        "psnr_std": 2.6289521513563128,
        "ssim_mean": 0.4182542916279461,
        "ssim_std": 0.36215973668448664,
        "processing_time_seconds": 202.80056285858154,
        "time_per_image_seconds": 0.04056011257171631
      }
    },
    "random_bbox": {
      "per_class": {
        "airplane": {
          "count": 500,
          "nmse_mean": 0.8909277517404407,
          "nmse_std": 0.7557038317605898,
          "psnr_mean": 9.626342364311219,
          "psnr_std": 3.268623859422615,
          "ssim_mean": 0.4996226983605884,
          "ssim_std": 0.3800166902164541
        },
        "automobile": {
          "count": 500,
          "nmse_mean": 1.0394562063589692,
          "nmse_std": 0.6224076756584688,
          "psnr_mean": 7.841484284877777,
          "psnr_std": 2.340252695945082,
          "ssim_mean": 0.4056575532043353,
          "ssim_std": 0.38054921100528305
        },
        "bird": {
          "count": 500,
          "nmse_mean": 1.0193245904780925,
          "nmse_std": 0.7792641577956928,
          "psnr_mean": 9.999229774951935,
          "psnr_std": 3.2014305606266413,
          "ssim_mean": 0.4867888910053007,
          "ssim_std": 0.36796531158230833
        },
        "cat": {
          "count": 500,
          "nmse_mean": 1.1095500965416432,
          "nmse_std": 0.9849545027688983,
          "psnr_mean": 8.93669096326828,
          "psnr_std": 2.8850587500692866,
          "ssim_mean": 0.446509616067633,
          "ssim_std": 0.3831934657168985
        },
        "deer": {
          "count": 500,
          "nmse_mean": 0.9323351850472391,
          "nmse_std": 0.6711919801234248,
          "psnr_mean": 10.813090641021729,
          "psnr_std": 2.981708863629993,
          "ssim_mean": 0.5095878793868469,
          "ssim_std": 0.37002992950037217
        },
        "dog": {
          "count": 500,
          "nmse_mean": 1.074989314980805,
          "nmse_std": 0.691049838457944,
          "psnr_mean": 8.313432909488679,
          "psnr_std": 2.951680908991946,
          "ssim_mean": 0.402501379852125,
          "ssim_std": 0.3561092621495468
        },
        "frog": {
          "count": 500,
          "nmse_mean": 0.9533976642489433,
          "nmse_std": 0.5509568094126458,
          "psnr_mean": 9.639240758419037,
          "psnr_std": 2.3376710968966687,
          "ssim_mean": 0.5001831301443744,
          "ssim_std": 0.35621338592322344
        },
        "horse": {
          "count": 500,
          "nmse_mean": 0.9752717828154563,
          "nmse_std": 0.5797284326821549,
          "psnr_mean": 8.696939102172852,
          "psnr_std": 2.6711320095938067,
          "ssim_mean": 0.4468215382307535,
          "ssim_std": 0.37844713190361906
        },
        "ship": {
          "count": 500,
          "nmse_mean": 0.87310249774158,
          "nmse_std": 0.647847832818667,
          "psnr_mean": 10.406889405727387,
          "psnr_std": 3.362786836946164,
          "ssim_mean": 0.48654878666478907,
          "ssim_std": 0.3901260572662955
        },
        "truck": {
          "count": 500,
          "nmse_mean": 1.0849267454445362,
          "nmse_std": 0.6457948242379444,
          "psnr_mean": 7.637933165550232,
          "psnr_std": 2.3705388053274037,
          "ssim_mean": 0.42554121446062343,
          "ssim_std": 0.3607573202271252
        }
      },
      "overall": {
        "total_samples": 5000,
        "nmse_mean": 0.9953281835397706,
        "nmse_std": 0.7072639569550205,
        "psnr_mean": 9.191127336978912,
        "psnr_std": 3.038572060220551,
        "ssim_mean": 0.46097626873773695,
        "ssim_std": 0.37450170256271204,
        "processing_time_seconds": 206.4638476371765,
        "time_per_image_seconds": 0.041292769527435304
      }
    },
    "irregular": {
      "per_class": {
        "airplane": {
          "count": 500,
          "nmse_mean": 0.7089205787181855,
          "nmse_std": 0.4870314109497877,
          "psnr_mean": 10.30821954536438,
          "psnr_std": 3.2304691288892258,
          "ssim_mean": 0.5912086415477097,
          "ssim_std": 0.3752015923885135
        },
        "automobile": {
          "count": 500,
          "nmse_mean": 0.914863590374589,
          "nmse_std": 0.4212701370624607,
          "psnr_mean": 7.801043841838837,
          "psnr_std": 1.9146896581427986,
          "ssim_mean": 0.48350500779924915,
          "ssim_std": 0.3672303054937915
        },
        "bird": {
          "count": 500,
          "nmse_mean": 0.8280990739762784,
          "nmse_std": 0.5251478792036443,
          "psnr_mean": 10.317996603488922,