{
  "per_class": {
    "airplane": {
      "count": 500,
      "nmse_mean": 0.8909277517404407,
      "nmse_std": 0.7557038317605898,
      "psnr_mean": 9.626342364311219,
      "psnr_std": 3.268623859422615,
      "ssim_mean": 0.4996226983605884,
      "ssim_std": 0.3800166902164541
    },
    "automobile": {
      "count": 500,
      "nmse_mean": 1.0394562063589692,
      "nmse_std": 0.6224076756584688,
      "psnr_mean": 7.841484284877777,
      "psnr_std": 2.340252695945082,
      "ssim_mean": 0.4056575532043353,
      "ssim_std": 0.38054921100528305
    },
    "bird": {
      "count": 500,
      "nmse_mean": 1.0193245904780925,
      "nmse_std": 0.7792641577956928,
      "psnr_mean": 9.999229774951935,
      "psnr_std": 3.2014305606266413,
      "ssim_mean": 0.4867888910053007,
      "ssim_std": 0.36796531158230833
    },
    "cat": {
      "count": 500,
      "nmse_mean": 1.1095500965416432,
      "nmse_std": 0.9849545027688983,
      "psnr_mean": 8.93669096326828,
      "psnr_std": 2.8850587500692866,
      "ssim_mean": 0.446509616067633,
      "ssim_std": 0.3831934657168985
    },
    "deer": {
      "count": 500,
      "nmse_mean": 0.9323351850472391,
      "nmse_std": 0.6711919801234248,
      "psnr_mean": 10.813090641021729,
      "psnr_std": 2.981708863629993,
      "ssim_mean": 0.5095878793868469,
      "ssim_std": 0.37002992950037217
    },
    "dog": {
      "count": 500,
      "nmse_mean": 1.074989314980805,
      "nmse_std": 0.691049838457944,
      "psnr_mean": 8.313432909488679,
      "psnr_std": 2.951680908991946,
      "ssim_mean": 0.402501379852125,
      "ssim_std": 0.3561092621495468
    },
    "frog": {
      "count": 500,
      "nmse_mean": 0.9533976642489433,
      "nmse_std": 0.5509568094126458,
      "psnr_mean": 9.639240758419037,
      "psnr_std": 2.3376710968966687,
      "ssim_mean": 0.5001831301443744,
      "ssim_std": 0.35621338592322344
    },
    "horse": {
      "count": 500,
      "nmse_mean": 0.9752717828154563,
      "nmse_std": 0.5797284326821549,
      "psnr_mean": 8.696939102172852,
      "psnr_std": 2.6711320095938067,
      "ssim_mean": 0.4468215382307535,
      "ssim_std": 0.37844713190361906
    },
    "ship": {
      "count": 500,
      "nmse_mean": 0.87310249774158,
      "nmse_std": 0.647847832818667,
      "psnr_mean": 10.406889405727387,
      "psnr_std": 3.362786836946164,
      "ssim_mean": 0.48654878666478907,
      "ssim_std": 0.3901260572662955
    },
    "truck": {
      "count": 500,
      "nmse_mean": 1.0849267454445362,
      "nmse_std": 0.6457948242379444,
      "psnr_mean": 7.637933165550232,
      "psnr_std": 2.3705388053274037,
      "ssim_mean": 0.42554121446062343,
      "ssim_std": 0.3607573202271252
    }
  },
  "overall": {
    "total_samples": 5000,
    "nmse_mean": 0.9953281835397706,
    "nmse_std": 0.7072639569550205,
    "psnr_mean": 9.191127336978912,
    "psnr_std": 3.038572060220551,
    "ssim_mean": 0.46097626873773695,
    "ssim_std": 0.37450170256271204,
    "processing_time_seconds": 206.4638476371765,
    "time_per_image_seconds": 0.041292769527435304
  }
}