{
  "per_class": {
    "airplane": {
      "count": 500,
      "nmse_mean": 1.00643492436409,
      "nmse_std": 0.5309122946598612,
      "psnr_mean": 8.435378374576569,
      "psnr_std": 2.6963403670252486,
      "ssim_mean": 0.3912247878285125,
      "ssim_std": 0.3689019092106469
    },
    "automobile": {
      "count": 500,
      "nmse_mean": 1.04974158975482,
      "nmse_std": 0.4634025664587168,
      "psnr_mean": 7.599051349639892,
      "psnr_std": 1.8679852485586868,
      "ssim_mean": 0.37077448668394936,
      "ssim_std": 0.3628993629000938
    },
    "bird": {
      "count": 500,
      "nmse_mean": 1.1486146406680346,
      "nmse_std": 0.7428558786983758,
      "psnr_mean": 8.868875879764557,
      "psnr_std": 2.727071963766614,
      "ssim_mean": 0.4054619616880373,
      "ssim_std": 0.37096367454845613
    },
    "cat": {
      "count": 500,
      "nmse_mean": 1.1580189905390144,
      "nmse_std": 0.8076000925165939,
      "psnr_mean": 8.523709114551544,
      "psnr_std": 2.657059380043589,
      "ssim_mean": 0.3978766492055438,
      "ssim_std": 0.3647329665722547
    },
    "deer": {
      "count": 500,
      "nmse_mean": 1.002848931171,
      "nmse_std": 0.6507530501307831,
      "psnr_mean": 9.95655152606964,
      "psnr_std": 2.6701911471242354,
      "ssim_mean": 0.5035929815506097,
      "ssim_std": 0.34368925790688865
    },
    "dog": {
      "count": 500,
      "nmse_mean": 1.2256740457713604,
      "nmse_std": 0.6771579344875093,
      "psnr_mean": 7.440065406322479,
      "psnr_std": 2.5634861029333225,
      "ssim_mean": 0.388216563833761,
      "ssim_std": 0.349733532446879
    },
    "frog": {
      "count": 500,
      "nmse_mean": 1.0321577459648252,
      "nmse_std": 0.5273955185953823,
      "psnr_mean": 9.4503880443573,
      "psnr_std": 2.0138086259077923,
      "ssim_mean": 0.4356657357239164,
      "ssim_std": 0.3585726753360447
    },
    "horse": {
      "count": 500,
      "nmse_mean": 1.074861375540495,
      "nmse_std": 0.5228672398003117,
      "psnr_mean": 7.939452231407166,
      "psnr_std": 2.4614199134512362,
      "ssim_mean": 0.40757132311689204,
      "ssim_std": 0.34693129527757205
    },
    "ship": {
      "count": 500,
      "nmse_mean": 0.814062113776803,
      "nmse_std": 0.5421674070062709,
      "psnr_mean": 9.90921467590332,
      "psnr_std": 2.7739444732201917,
      "ssim_mean": 0.46182936685928144,
      "ssim_std": 0.3970803243280094
    },
    "truck": {
      "count": 500,
      "nmse_mean": 1.119665548235178,
      "nmse_std": 0.5462546653700066,
      "psnr_mean": 7.5709946346282955,
      "psnr_std": 2.032593531383651,
      "ssim_mean": 0.42032905978895724,
      "ssim_std": 0.3347454643019744
    }
  },
  "overall": {
    "total_samples": 5000,
    "nmse_mean": 1.063207990578562,
    "nmse_std": 0.6198909770567564,
    "psnr_mean": 8.569368123722077,
    "psnr_std": 2.6289521513563128,
    "ssim_mean": 0.4182542916279461,
    "ssim_std": 0.36215973668448664,
    "processing_time_seconds": 202.80056285858154,
    "time_per_image_seconds": 0.04056011257171631
  }
}