{
  "per_class": {
    "airplane": {
      "count": 500,
      "nmse_mean": 0.7089205787181855,
      "nmse_std": 0.4870314109497877,
      "psnr_mean": 10.30821954536438,
      "psnr_std": 3.2304691288892258,
      "ssim_mean": 0.5912086415477097,
      "ssim_std": 0.3752015923885135
    },
    "automobile": {
      "count": 500,
      "nmse_mean": 0.914863590374589,
      "nmse_std": 0.4212701370624607,
      "psnr_mean": 7.801043841838837,
      "psnr_std": 1.9146896581427986,
      "ssim_mean": 0.48350500779924915,
      "ssim_std": 0.3672303054937915
    },
    "bird": {
      "count": 500,
      "nmse_mean": 0.8280990739762784,
      "nmse_std": 0.5251478792036443,
      "psnr_mean": 10.317996603488922,
      "psnr_std": 2.9020204337971043,
      "ssim_mean": 0.5723507131154183,
      "ssim_std": 0.34537903876290776
    },
    "cat": {
      "count": 500,
      "nmse_mean": 0.9424122517853976,
      "nmse_std": 0.5743305504183818,
      "psnr_mean": 8.587559732437134,
      "psnr_std": 2.281426049265985,
      "ssim_mean": 0.47491982858814297,
      "ssim_std": 0.38912207331972215
    },
    "deer": {
      "count": 500,
      "nmse_mean": 0.7981777771636843,
      "nmse_std": 0.5134162607768189,
      "psnr_mean": 10.935405119419098,
      "psnr_std": 2.7211679608806234,
      "ssim_mean": 0.5748710429589264,
      "ssim_std": 0.3494179248859674
    },
    "dog": {
      "count": 500,
      "nmse_mean": 0.9837311383634806,
      "nmse_std": 0.5475318273087509,
      "psnr_mean": 8.425887933254241,
      "psnr_std": 2.3707787691540694,
      "ssim_mean": 0.4300080893810373,
      "ssim_std": 0.3794123324978736
    },
    "frog": {
      "count": 500,
      "nmse_mean": 0.8848500229343772,
      "nmse_std": 0.46192360539847965,
      "psnr_mean": 9.515105938911438,
      "psnr_std": 2.034597345433609,
      "ssim_mean": 0.5732391763493652,
      "ssim_std": 0.3402274591481181
    },
    "horse": {
      "count": 500,
      "nmse_mean": 0.9664568485915661,
      "nmse_std": 0.46895096338066994,
      "psnr_mean": 8.277809075832367,
      "psnr_std": 2.3428015123955572,
      "ssim_mean": 0.40816302626486867,
      "ssim_std": 0.38002950833122584
    },
    "ship": {
      "count": 500,
      "nmse_mean": 0.7194090084061027,
      "nmse_std": 0.46983088245195365,
      "psnr_mean": 10.349379652500152,
      "psnr_std": 2.8374657464271986,
      "ssim_mean": 0.4865589676620439,
      "ssim_std": 0.41310086269625873
    },
    "truck": {
      "count": 500,
      "nmse_mean": 0.9522162235528231,
      "nmse_std": 0.4810829247510082,
      "psnr_mean": 7.657224788665771,
      "psnr_std": 2.0002934354714332,
      "ssim_mean": 0.39539031659835017,
      "ssim_std": 0.38309500539559116
    }
  },
  "overall": {
    "total_samples": 5000,
    "nmse_mean": 0.8699136513866484,
    "nmse_std": 0.506080516705664,
    "psnr_mean": 9.217563223171235,
    "psnr_std": 2.747792088901388,
    "ssim_mean": 0.49902148102651117,
    "ssim_std": 0.3794530831626881,
    "processing_time_seconds": 212.22500228881836,
    "time_per_image_seconds": 0.04244500045776367
  }
}